<?xml version="1.0" encoding="utf-8"?>
<resources>
	<!-- ____ styles -->

	<style name="AppTheme" parent="Theme.AppCompat.Light.DarkActionBar">
		<item name="colorPrimary">@color/colorPrimary</item>
		<item name="colorPrimaryDark">@color/colorPrimaryDark</item>
		<item name="colorAccent">@color/colorAccent</item>
		<item name="materialButtonStyle">@style/systemButtonStyle</item>
	</style>

	<style name="AppTheme" parent="Theme.AppCompat.DayNight.NoActionBar">
		<item name="android:windowNoTitle">true</item>
	</style>

<!--	<style name="systemButtonStyle" parent="Widget.MaterialComponents.Button">-->
<!--		<item name="android:background">@drawable/roundedbutton.xml</item>-->
<!--	</style>-->

</resources>